{
  "baseline": {
    "n": 1230,
    "home_diff_mean": 1.667479674796748,
    "home_diff_ci95": [
      0.8037904136558505,
      2.5311689359376457
    ]
  },
  "elo_linear": {
    "n": 1230,
    "b0": 1.6714634190773145,
    "b0_ci95": [
      0.8542644717490248,
      2.4886623664056042
    ],
    "b0_p": 6.363609672976313e-05,
    "alpha": 0.02754782226934615,
    "alpha_ci95": [
      0.0230973411661253,
      0.031998303372567
    ],
    "alpha_p": 3.957334685212179e-32,
    "x_name": "elo_delta_pre"
  }
}