{
  "baseline": {
    "n": 2574,
    "home_diff_mean": 1.9988344988344988,
    "home_diff_ci95": [
      1.4277389277389276,
      2.5641511266511263
    ]
  },
  "elo_linear": {
    "n": 2574,
    "b0": 1.3406675342964258,
    "b0_ci95": [
      0.8294967010770401,
      1.8518383675158114
    ],
    "b0_p": 2.7404708795350326e-07,
    "alpha": 0.032229608277236116,
    "alpha_ci95": [
      0.029973645153972384,
      0.03448557140049985
    ],
    "alpha_p": 1.5867795991483602e-172
  }
}