{
  "baseline": {
    "n": 1230,
    "home_diff_mean": 1.667479674796748,
    "home_diff_ci95": [
      0.8037904136558504,
      2.5311689359376457
    ]
  },
  "elo_linear": {
    "n": 1230,
    "b0": 1.690697554002024,
    "b0_ci95": [
      0.875420661412006,
      2.5059744465920417
    ],
    "b0_p": 5.032969720097436e-05,
    "alpha": 0.03316234312027166,
    "alpha_ci95": [
      0.02791945886676601,
      0.0384052273737773
    ],
    "alpha_p": 2.1285435679399076e-33
  }
}
